x,y,is_outer,nationality,ground
-215.09484072324335,332.2438087309823,true,Foreign,Land
-202.4186013208723,305.3763472897222,false,Foreign,Land
-219.04235733247145,283.9309071008684,false,Foreign,Land
-189.07589419425685,333.21008397262375,true,Foreign,Land
-159.30956263806544,327.2688466955813,false,Foreign,Land
-132.91486996034436,312.79151654107426,false,Foreign,Land
-137.9326307578474,337.66100362588196,true,Foreign,Land
-112.9899840733276,331.53496190484105,true,Foreign,Land
-158.79505254639722,302.1841139869851,false,Foreign,Land
-199.32962487161953,261.01733649780186,false,Foreign,Land
-136.67757847365633,284.4241367321135,false,Foreign,Land
-241.97291443973512,298.0841979830037,true,Foreign,Land
-242.83001569076504,270.1650015499516,true,Foreign,Land
-184.02982347820085,283.0373011322528,false,Foreign,Land
-180.4061860044883,311.87261284876575,false,Foreign,Land
-239.75784885458475,324.9863039395083,true,Foreign,Land
-238.51174571648755,237.4402789663185,true,Foreign,Land
-105.57496077481584,279.11940258054346,false,Foreign,Land
-108.83650727053305,300.4450973819732,false,Foreign,Land
-90.25665759315304,316.151967031913,false,Foreign,Land
-227.3063012758674,261.32476052221915,false,Foreign,Land
-224.54900060531637,309.2879263386347,false,Foreign,Land
-160.90100939714029,273.1005640172092,false,Foreign,Land
-237.20093728599696,344.11665009164244,true,Foreign,Land
-91.52042829973462,341.2207433750524,true,Foreign,Land
-171.65687211584535,251.1102805215928,false,Foreign,Land
-144.21670446576428,253.5125337581619,false,Foreign,Land
-132.11724762459784,218.1336472626716,false,Foreign,Land
-77.84635871375943,329.1288747369807,false,Foreign,Land
-77.03931342818846,291.52953537184874,false,Foreign,Land
-38.55563334373905,320.5512180978108,false,Foreign,Land
-61.6091091587607,339.29984688315034,true,Foreign,Land
-122.57670524946116,264.34680977805067,false,Foreign,Land
-163.412326497937,344.70882254286016,true,Foreign,Land
-32.90948372745428,337.62206549132526,true,Foreign,Land
-148.95129384741895,230.13846051752526,false,Foreign,Land
-184.69301485257202,207.6690867938779,false,Foreign,Land
-191.4809553248616,235.23945030252239,false,Foreign,Land
-214.11802948280075,218.37331256261444,false,Foreign,Land
-98.15998599769489,248.50462304124224,false,Foreign,Land
-54.57199951424136,270.80883977027526,false,Foreign,Land
-234.10739362193976,193.6867898964289,true,Foreign,Land
-215.9326006855386,243.63516606684271,false,Foreign,Land
-153.92619245528718,201.726537526245,false,Foreign,Land
-123.60216083356967,240.73157698087178,false,Foreign,Land
-81.22476367207905,264.9530947361808,false,Foreign,Land
-81.83870433627276,222.28558312680647,false,Foreign,Land
-25.634130443985367,275.66014400052137,false,Foreign,Ocean
-67.94304935527829,243.09232450404377,false,Foreign,Land
-168.81705499714843,224.85251354792234,false,Foreign,Land
-41.33546812593679,246.29256896772242,false,Foreign,Land
-17.699165593446956,248.96059987423305,false,Foreign,Ocean
-206.57766921800086,190.43827950784876,false,Foreign,Land
-137.33056437831283,173.87536535395307,false,Foreign,Land
-52.95831672120483,217.16671633108,false,Foreign,Land
-11.897114938308434,299.5455391828631,false,Foreign,Ocean
-91.57270855945468,198.83534590620698,false,Foreign,Land
-45.159419830214325,297.4839413794487,false,Foreign,Land
3.324619040293655,269.3717651028392,false,Foreign,Ocean
-149.55875168350897,149.1002848720531,false,Foreign,Land
-67.19326890773434,195.59398913170142,false,Foreign,Land
-131.83150592727375,118.6108967786002,false,Foreign,Land
-83.38101486886681,168.47919774278247,false,Foreign,Land
-40.92280572248082,185.21429085495961,false,Foreign,Land
-173.41161520194737,178.77183579919503,false,Foreign,Land
-122.26906144282958,197.71033318701586,false,Foreign,Land
-63.9450977808001,315.36670998611027,false,Foreign,Land
34.85379996429768,261.998351821919,false,Foreign,Ocean
-18.71664352061948,165.07233787813448,false,Foreign,Land
5.86171425130306,241.17171708497358,false,Foreign,Ocean
-164.34134468107473,119.9818417217541,false,Foreign,Land
-238.70234858793896,213.5570647389176,true,Foreign,Land
-60.89284246154871,168.50434490241764,false,Foreign,Land
8.668670912939286,176.1887724585528,false,Foreign,Land
1.029746185610582,210.4407129376707,false,Foreign,Land
-25.479718536402775,218.7489544812688,false,Foreign,Land
24.857076923055967,203.14546557087328,false,Foreign,Ocean
-198.95038999220475,137.2033488667411,false,Foreign,Land
-17.326721065715613,190.50760928030104,false,Foreign,Land
-42.98451076956423,151.07769001526984,false,Foreign,Land
-197.15917906614453,164.50109919333028,false,Foreign,Land
-176.12290348737787,148.38391100471466,false,Foreign,Land
-108.11448134696678,221.02660761134416,false,Foreign,Land
6.654738454676094,141.5796151390641,false,Foreign,Land
32.40418195317751,177.38134331840712,false,Foreign,Ocean
28.57353299431847,148.49601627651606,false,Foreign,Land
-220.32182902850863,164.92997055151352,false,Foreign,Land
-232.34310308282534,146.02127222828673,true,Foreign,Land
-106.73399241752,178.93554806135893,false,Foreign,Land
48.39702063195794,239.60971117429523,false,Foreign,Ocean
-242.19234242823012,168.4305219988749,true,Foreign,Land
51.39856758827671,189.02960971092304,false,Foreign,Ocean
-221.73449878611584,122.23004851022425,false,Foreign,Land
-9.38479976657869,322.398903525232,false,Foreign,Ocean
16.988388542202593,286.83006865164106,false,Foreign,Ocean
18.629222903699937,312.92969496681184,false,Foreign,Ocean
47.54106244615321,214.91072866278205,false,Foreign,Ocean
-114.72094036953648,150.0197372234306,false,Foreign,Land
69.20929316910912,233.64950586876202,false,Foreign,Ocean
50.27291118486409,158.9916200571408,false,Own,Land
-210.81922280979242,96.58438048474322,false,Foreign,Land
-11.367113229851062,340.4396308535521,true,Foreign,Ocean
-66.46629754932718,141.76816162150516,false,Foreign,Land
-196.6682683149123,75.64408288584075,false,Foreign,Land
-42.88295155381169,119.62789772029909,false,Foreign,Land
34.47815127733174,115.4250060214048,false,Own,Land
-237.039877009807,98.1248097863924,true,Foreign,Land
40.383890131115514,294.7811889021886,false,Foreign,Ocean
13.191630075132188,338.93354298424526,true,Foreign,Ocean
63.176768693378754,268.0204066666687,false,Foreign,Ocean
74.43197241683394,209.38566151743544,false,Foreign,Ocean
-180.4955923602307,93.01898800355796,false,Foreign,Land
76.35753549706165,190.21723890365845,false,Foreign,Ocean
-101.91988539788643,117.20600752081911,false,Foreign,Land
31.33015862678135,331.57402933259823,false,Foreign,Ocean
-88.61326941892688,141.7194227270101,false,Foreign,Land
-61.06063886316973,99.51586867274517,false,Foreign,Land
90.98431218421742,248.2760844493829,false,Foreign,Ocean
71.16063137918873,167.41920190157055,false,Foreign,Ocean
8.140436030247512,109.23394753820806,false,Own,Land
-167.60223151287784,69.75292279499335,false,Foreign,Land
103.52741222867367,195.42163006842924,false,Foreign,Ocean
-12.184411133215749,123.28501038689592,false,Foreign,Land
-119.28010559844161,90.50630817700444,false,Foreign,Land
-21.22251257821457,141.54240873160728,false,Foreign,Land
100.48635329281717,223.10783442249783,false,Foreign,Ocean
-134.87503461687618,63.766029182905434,false,Foreign,Land
-168.3741502745327,50.09608596512412,false,Foreign,Land
-87.38249897704411,88.70087804078875,false,Foreign,Land
-150.2425554451173,90.45989242533217,false,Foreign,Land
115.81271029185527,269.9666975343693,false,Foreign,Ocean
-16.956602088702848,98.26101906255052,false,Foreign,Land
115.86574555827356,163.5803057841275,false,Foreign,Ocean
142.53286405250353,264.1145051049815,false,Foreign,Ocean
-105.93617171569946,63.67724761867114,false,Foreign,Land
22.97425670064782,86.96286156879007,false,Own,Land
36.70453642467383,58.580549834003364,false,Own,Land
-118.22180197701566,33.75597123962223,false,Foreign,Land
50.65795694830598,323.8322883529052,false,Foreign,Ocean
-75.80253614347612,117.59539321742854,false,Foreign,Land
168.97266731523084,256.96886999614554,false,Foreign,Ocean
157.15240138255095,240.97060629378453,false,Foreign,Ocean
130.4429676199654,210.00696631109773,false,Foreign,Ocean
-197.04612426022254,22.90612940520187,false,Foreign,Land
63.8483182208466,101.20170023854577,false,Own,Land
-38.60068788112228,88.09637674223943,false,Foreign,Land
72.26641745993464,146.01475682407198,false,Own,Land
-121.13966165000524,0.7002811239836169,false,Foreign,Land
124.47237521648982,241.69012794969086,false,Foreign,Ocean
-243.5304194972307,125.55365267003582,true,Foreign,Land
116.27435659006218,130.01025580919296,false,Own,Land
127.92204772266284,183.24388748567225,false,Foreign,Ocean
80.72140080315323,334.61428161494985,true,Foreign,Ocean
-21.620718949654087,66.02010022788204,false,Foreign,Land
79.22535166946861,293.3077067100867,false,Foreign,Ocean
-193.0925442514512,112.65874163721662,false,Foreign,Land
120.36812482758512,303.4352065524361,false,Foreign,Ocean
94.97176740488294,103.95580358271026,false,Own,Land
101.07321188931967,289.88123106742177,false,Foreign,Ocean
-224.44004483121844,13.019576587766236,false,Foreign,Land
3.655752812391607,72.85827098853554,false,Own,Land
53.876818887096164,131.61901674550077,false,Own,Land
141.12090813081682,227.5570223501885,false,Foreign,Ocean
64.32533844716194,306.7160295587519,false,Foreign,Ocean
12.475273917788519,40.87274276882305,false,Own,Land
150.48735558345513,186.40978243946267,false,Foreign,Ocean
-143.344018271707,21.208696690947487,false,Foreign,Land
-146.98344785376477,47.28380620282192,false,Foreign,Land
92.93904972567769,314.9755546408616,false,Foreign,Ocean
-221.78848992569868,68.22237994003957,false,Foreign,Land
187.1200388432791,206.1254882515099,false,Foreign,Ocean
66.86295323546646,70.0754774725668,false,Own,Land
87.56353975361142,271.48310256985235,false,Foreign,Ocean
160.95379550809244,284.1540675517784,false,Foreign,Ocean
62.89962553462894,341.8444510328556,true,Foreign,Ocean
-91.8793314910862,40.342048573883424,false,Foreign,Land
112.43902073155044,333.3087620158387,true,Foreign,Ocean
14.361103940641224,10.981396562630993,false,Own,Land
139.41121496521114,158.06711726356818,false,Foreign,Ocean
40.63036251388285,344.20077070667355,true,Foreign,Ocean
183.63247535265512,299.465575124075,false,Foreign,Ocean
24.81630395676442,231.52394348363865,false,Foreign,Ocean
141.85152637290133,294.20161566239614,false,Foreign,Ocean
120.76118981000523,90.30217565253997,false,Own,Land
-168.90379531564776,25.363236048195173,false,Foreign,Land
161.6028795992111,213.8336274220571,false,Foreign,Ocean
191.14835069151576,236.52388466721746,false,Foreign,Ocean
231.3745914202569,243.93465296141406,true,Foreign,Ocean
-88.40509186731406,-2.121440741741966,false,Own,Land
-192.74517126203702,49.99693254426685,false,Foreign,Land
139.64770787123265,324.5734260257628,false,Foreign,Ocean
192.51008939964336,260.7225250832945,false,Foreign,Ocean
164.74772929212443,316.9959322707651,false,Foreign,Ocean
92.75610351163839,174.3196686124701,false,Foreign,Ocean
208.47265861641057,217.9221741978422,false,Foreign,Ocean
44.237638359226914,84.40499505697316,false,Own,Land
-45.585984101573786,61.9179350620748,false,Foreign,Land
-10.78168423908035,41.099271545689625,false,Own,Land
-74.65460904260833,56.77179691766454,false,Foreign,Land
233.8322169917145,209.53040976755807,true,Foreign,Ocean
-35.75018899795631,36.29231901017219,false,Own,Land
-65.81136034199085,22.52054923399148,false,Foreign,Land
-54.202759251453664,43.302869351361494,false,Foreign,Land
214.95434286875366,260.9190894211237,false,Foreign,Ocean
195.19134247316958,177.0170789828068,false,Foreign,Ocean
234.1894965650886,285.4899721293428,true,Foreign,Ocean
236.23266597972912,178.49899277832327,true,Foreign,Ocean
203.81579709677953,283.6337687888652,false,Foreign,Ocean
168.90586042017935,161.29782899678455,false,Foreign,Ocean
235.98346282259558,145.13062030704643,true,Foreign,Ocean
148.9297260214643,136.98631408841263,false,Foreign,Ocean
-205.61936661276815,-1.5014430584156497,false,Foreign,Land
58.19468521388124,25.671902969707403,false,Own,Land
178.13117080229887,341.29461279258965,true,Foreign,Ocean
-179.69246824316247,-4.7047051395839805,false,Foreign,Land
191.77495190667133,324.6204581614301,false,Foreign,Ocean
86.7495969420378,55.85904243341345,false,Own,Land
173.12290141081226,187.47679594466481,false,Foreign,Ocean
153.4136279402897,341.72179107590046,true,Foreign,Ocean
38.115143277559056,29.176830538733295,false,Own,Land
-23.700965239887854,15.35689062730537,false,Own,Land
-61.45369375069,78.22427512901137,false,Foreign,Land
-59.32129524810915,-8.566675499292089,false,Own,Land
234.39370766930853,321.4588003076953,true,Foreign,Ocean
177.19655970604404,134.08069394392314,false,Foreign,Ocean
81.59324999283992,124.68825703283295,false,Own,Land
-94.25613453427714,16.743763664033438,false,Foreign,Land
-241.30068447453996,31.2758958691398,true,Foreign,Land
-3.2846579766479964,17.62736645550069,false,Own,Land
-139.39453480970195,-30.13812064647489,false,Foreign,Land
30.70323586128287,0.7985115128368907,false,Own,Land
-240.37965315410642,55.39341034877668,true,Foreign,Land
-150.39448469416138,-3.381409160471461,false,Foreign,Land
137.27293556564572,114.48985283214532,false,Own,Land
79.16738970403506,87.04683511954548,false,Own,Land
-44.657342010177764,11.360577466368673,false,Own,Land
-163.98815033421383,-25.934464283311506,false,Foreign,Land
-109.2218167264418,-29.332913316106637,false,Foreign,Land
210.68905733155316,340.6327317056723,true,Foreign,Ocean
133.63013770568097,62.21895396984949,false,Own,Land
-8.208979095707532,-6.244807615105088,false,Own,Land
-130.2186503926735,-57.74977593080479,false,Foreign,Land
94.18861540410593,149.83494482079539,false,Own,Land
212.7349378207098,191.52221072945395,false,Foreign,Ocean
93.28633797142386,32.39203654008088,false,Own,Land
193.80398630299538,150.5210740566515,false,Foreign,Ocean
-37.11041348671935,-30.358721328963487,false,Own,Land
13.393000056257236,-20.15638909080977,false,Own,Land
-200.4612131986922,-27.9256469230981,false,Foreign,Land
96.12994114347124,76.28166505447429,false,Own,Land
186.65436177675258,106.89011627973575,false,Foreign,Ocean
-243.76912786129387,-1.734920432764546,true,Foreign,Land
-80.76693685881814,-24.37110488979974,false,Own,Land
111.81044025425766,52.46846962695939,false,Own,Land
-80.11468309082704,-49.01644589875702,false,Own,Land
-30.962761799736736,-8.98561903911669,false,Own,Land
-226.76932302784385,-17.8789017190759,false,Foreign,Land
117.57331506086469,21.426122439150788,false,Own,Land
41.851729309864226,-22.413436426517354,false,Own,Land
210.8975296335608,311.4177600302116,false,Foreign,Ocean
137.36496732498674,36.0753786504033,false,Own,Land
158.24891474615106,60.31755864639188,false,Foreign,Ocean
-220.42343704391428,40.38585393246664,false,Foreign,Land
-180.5632274217998,-36.103344990624834,false,Foreign,Land
-215.49741473220578,-64.08771101742175,false,Foreign,Land
-105.04111605257187,-62.60085424623802,false,Foreign,Land
168.2884481348542,88.45152872694857,false,Foreign,Ocean
-238.41403011267838,-70.65607040694235,true,Foreign,Land
232.3219256180186,112.27940825455487,true,Foreign,Ocean
207.12415601252246,94.11543613773915,false,Foreign,Ocean
160.8508899230951,34.01988281675115,false,Foreign,Ocean
187.3588260413014,44.93876548945722,false,Foreign,Ocean
-56.65952059536086,-83.727340144267,false,Own,Land
77.07457366626143,17.288441749103743,false,Own,Land
181.03089923462042,276.20620594610665,false,Foreign,Ocean
-11.844305061361789,-32.601221158521554,false,Own,Land
-45.70555121226659,-59.17588818615549,false,Own,Land
-198.53213962978657,-78.44739558502489,false,Foreign,Land
-87.44403667497674,-88.18984677315348,false,Own,Land
-23.748274301230797,-92.76875999680736,false,Own,Land
-160.9864727370571,-55.048589692500286,false,Foreign,Land
75.79822306550986,-5.913486916602106,false,Own,Land
-146.24710137726677,-81.13987510976256,false,Foreign,Land
-118.30830659791361,-91.13805442471637,false,Foreign,Land
213.05489527446994,64.4014248432078,false,Foreign,Ocean
207.99144646192482,127.67487667369691,false,Foreign,Ocean
216.05974257803584,161.0132861180014,false,Foreign,Ocean
145.53463006644463,7.432426011388701,false,Foreign,Ocean
234.14394313358514,39.72992893090771,true,Foreign,Ocean
93.810829872059,-24.292048203708873,false,Own,Land
-57.85011611714711,-105.15008690407457,false,Own,Land
146.64193468440376,88.85386308560511,false,Own,Land
-229.9935850118129,-102.22300593772148,false,Foreign,Land
205.34804235504998,19.54804689320091,false,Foreign,Ocean
161.6032823225993,113.6621601187279,false,Foreign,Ocean
65.03223513001669,43.18484775523847,false,Own,Land
-192.13579807994316,-56.4240586789277,false,Foreign,Land
-35.55223817537887,-126.81970733064539,false,Own,Land
-60.43679543678816,-36.05377144107463,false,Own,Land
10.711315953847953,-49.903521474381876,false,Own,Land
185.82205090364377,74.4223649614939,false,Foreign,Ocean
-220.08553978008453,-44.98163074258638,false,Foreign,Land
202.4883340456415,-24.472922018386438,false,Foreign,Ocean
54.08496843687108,3.456158740650338,false,Own,Land
175.51313633102316,16.305172616373355,false,Foreign,Ocean
-176.75938230848334,-82.77639445602611,false,Foreign,Land
-160.13284017940188,-102.0998757849067,false,Foreign,Land
175.38930695458802,-32.794114777712544,false,Foreign,Ocean
-88.59152040569195,-112.78104912209311,false,Own,Land
131.92610016142334,342.9016840743505,true,Foreign,Ocean
-242.22401776432173,75.77785167026138,true,Foreign,Land
-9.424071749101312,-128.22699306902265,false,Own,Land
119.76842628602944,-5.001537417265553,false,Foreign,Ocean
-222.08453841284813,-143.7479092952536,false,Foreign,Land
-75.7550448282803,-67.64362813235797,false,Own,Land
131.81445016928203,-24.277980540452052,false,Foreign,Ocean
-193.80157370803482,-133.62545487029402,false,Foreign,Land
98.39919238019066,4.895658220871117,false,Own,Land
-211.78679304599618,-171.30378799885224,false,Foreign,Land
64.30820817359354,-45.002857419901865,false,Own,Land
-16.85472575623613,-57.219389721681296,false,Own,Land
72.52493125476299,-73.73938283265859,false,Foreign,Ocean
238.96552242795548,342.8055002975726,true,Foreign,Ocean
-173.77495872555343,-152.78710282786346,false,Foreign,Land
-22.329964856979704,-153.4020995149418,false,Own,Land
3.785588656831331,-77.715011435058,false,Own,Land
192.05153231867652,-5.032587273063684,false,Foreign,Ocean
-103.9664429213309,-136.60515072767694,false,Own,Land
-242.9757008150239,-36.93029749818233,true,Foreign,Land
64.54372604713457,-22.467794476227308,false,Own,Land
93.53641363729943,-56.651181777544096,false,Foreign,Ocean
8.27351235387619,-159.3275559247242,false,Own,Land
161.60877312898765,-13.790391480157217,false,Foreign,Ocean
-63.27962742665037,-129.3263953168828,false,Own,Land
-56.79633751811724,-152.74852516600848,false,Own,Land
-128.3889822439062,-138.0247093452065,false,Foreign,Land
109.87132069022054,-79.66657647208089,false,Foreign,Ocean
-114.73089419282955,-115.7675583408472,false,Foreign,Land
109.30820370118988,-38.58648526071684,false,Foreign,Ocean
10.648996681398291,-107.6450184084221,false,Own,Land
51.64585718391569,-91.94923084072403,false,Own,Land
192.74433591729206,-48.55102604000727,false,Foreign,Ocean
152.34712340316221,-44.24402079773196,false,Foreign,Ocean
226.43612577092622,0.8150018971010544,true,Foreign,Ocean
-179.21499583936347,-177.94262834471974,false,Foreign,Land
-241.3137710566717,-128.59054297793566,true,Foreign,Land
-12.213918991861423,-181.52028764287712,false,Foreign,Land
-141.58395738319967,-112.53210202624025,false,Foreign,Land
16.57749907141954,-132.3554217512044,false,Own,Land
230.87724532426148,-25.219123179941604,true,Foreign,Ocean
-200.5153106073639,-103.7373529865984,false,Foreign,Land
45.278638614925065,-118.6593550429134,false,Own,Land
-149.91240001584296,-161.05761849569626,false,Foreign,Land
203.07033998086425,-73.55194381278567,false,Foreign,Ocean
-166.55007918918758,-128.59276566759263,false,Foreign,Land
-238.96386597199165,-162.35791938844665,true,Foreign,Land
211.69610940703674,43.05596121372342,false,Foreign,Ocean
35.413633938338556,-44.15116832737027,false,Own,Land
173.2310821050569,-63.59204459648055,false,Foreign,Ocean
77.83564130724233,-145.89830867260667,false,Foreign,Land
25.423219970928816,-66.65473293625328,false,Own,Land
131.28931000847894,-82.6548396560653,false,Foreign,Ocean
-91.47842699656249,-161.76030945004345,false,Own,Land
-179.74959655536614,-111.0428201847911,false,Foreign,Land
90.5929891393522,-168.06576756919682,false,Foreign,Land
-218.64251259333204,-84.79218656962465,false,Foreign,Land
-151.49139891106856,-139.53351386808862,false,Foreign,Land
104.97854329201375,-193.2608083849212,false,Foreign,Land
124.77278267200167,-56.710353412091685,false,Foreign,Ocean
70.25099722445029,-98.79146702157689,false,Own,Land
-244.76706631344865,-101.37586769038293,true,Foreign,Land
234.89974160447022,78.34844872938307,true,Foreign,Ocean
173.90114741103153,-90.21178556326285,false,Foreign,Ocean
-120.29777627451216,-158.1589249575335,false,Foreign,Land
-65.97458550490714,-181.46822750990188,false,Foreign,Land
224.7270602145667,-50.36708287988065,true,Foreign,Ocean
-158.2458386908587,-189.56145333128032,false,Foreign,Land
-180.492742436819,-211.27191949870806,false,Foreign,Land
-159.03736963242017,-213.5117192613615,false,Foreign,Land
119.38251661480837,-106.33140920556298,false,Foreign,Ocean
-233.59665877165946,-192.0795071355601,true,Foreign,Land
-204.6903138307999,-221.96667391373572,false,Foreign,Land
129.1962454881631,-135.62442792692056,false,Foreign,Ocean
83.68814888059669,-118.95252857278376,false,Foreign,Ocean
58.34341369007895,-139.86768800399068,false,Foreign,Land
-137.57446589842942,-208.62212006367494,false,Foreign,Land
102.2874218015997,-144.83436645574204,false,Foreign,Land
148.1746479259043,-97.16818511462165,false,Foreign,Ocean
157.09810776457974,-117.96667836363073,false,Foreign,Ocean
-243.74851080424426,-217.85318081282762,true,Foreign,Land
47.7217249224764,-69.6311535731867,false,Own,Land
28.562141182692088,-91.49628935791054,false,Own,Land
-190.41452462260995,-244.2703150364554,false,Foreign,Land
106.81960738032146,-123.56715477637755,false,Foreign,Ocean
37.541074486014004,-173.12799815412353,false,Foreign,Land
-111.57716511540136,-228.42719047778954,false,Foreign,Land
119.33466499161266,-168.35972878505729,false,Foreign,Land
73.47974788026985,-191.11212931059984,false,Foreign,Land
116.0172195922024,-221.0420503318317,false,Foreign,Land
-231.71142715898756,-236.2744281027773,true,Foreign,Land
-201.9296428038706,-194.76872607328164,false,Foreign,Land
140.43179274261752,-192.20840224493642,false,Foreign,Land
-239.7267529287031,-261.9180501912168,true,Foreign,Land
47.129813933116516,-198.50982455225844,false,Foreign,Land
-218.0521243164154,-121.43092595118443,false,Foreign,Land
142.12521674293617,-162.30443451820642,false,Foreign,Land
-109.87801650845809,-178.98267974597223,false,Foreign,Land
-165.11194650987278,-235.70488831689667,false,Foreign,Land
-224.18905387915152,-212.11917280157576,false,Foreign,Land
180.98950684609656,-141.0211075962998,false,Foreign,Ocean
204.62536971011147,-97.49745066997407,false,Foreign,Ocean
-134.09972062726123,-180.919746575716,false,Foreign,Land
20.481526042682265,-192.26607154530763,false,Foreign,Land
88.17034447528788,-211.73805603080632,false,Foreign,Land
107.21571126116778,-244.88213423875987,false,Foreign,Land
62.3982528641375,-219.6331979395911,false,Foreign,Land
-198.06590496663938,-156.49864312928338,false,Foreign,Land
201.3642620463305,-128.25846280178726,false,Foreign,Ocean
36.59320970460836,-147.8221220757504,false,Own,Land
-82.15801686140482,-237.15564095610233,false,Foreign,Land
-140.47131345734803,-232.05162598992072,false,Foreign,Land
-240.7719534274144,-291.78812362598364,true,Foreign,Land
-114.74153104390365,-200.40035935418268,false,Foreign,Land
234.0208891247202,-83.38647290243583,true,Foreign,Ocean
-169.63609462027452,-261.21740784381313,false,Foreign,Land
1.9125224736712387,-201.9223010949367,false,Foreign,Land
-90.8357948542842,-187.15110284699898,false,Foreign,Land
-240.3296253504319,-316.5828984401438,true,Foreign,Land
59.994355379807715,-167.93737280152072,false,Foreign,Land
156.457178417853,-141.0662400387338,false,Foreign,Ocean
-219.80884505381323,-306.4969010806004,false,Foreign,Land
-215.19739412345461,-250.21816844976095,false,Foreign,Land
-102.39916179548436,-259.53132092423385,false,Foreign,Land
6.862627489287843,-222.12081287699894,false,Foreign,Land
-39.57180062358135,-169.8874359660541,false,Own,Land
-24.93550378536087,-211.31549873809766,false,Foreign,Land
-223.14353736285807,-279.52396309875047,false,Foreign,Land
142.65268527037054,-241.8409937148366,false,Foreign,Land
-143.64632613666564,-255.33030931651925,false,Foreign,Land
-228.53343826173514,-335.6986905047645,true,Foreign,Land
-82.1823191448162,-141.25968968574608,false,Own,Land
200.8214780724834,-162.4759570091323,false,Foreign,Ocean
182.01943341595506,-114.1122611629157,false,Foreign,Ocean
-49.88015333579244,-233.41472955635473,false,Foreign,Land
33.554130347188234,-227.65706867920412,false,Foreign,Land
61.330152236047475,-248.5697881721806,false,Foreign,Land
220.86078598657554,-139.3048845274521,false,Foreign,Ocean
142.1377313181295,-215.99104573778828,false,Foreign,Land
-80.45919875358403,-266.06653383986907,false,Foreign,Land
-86.4233638015534,-208.14202672152996,false,Foreign,Land
-122.81025015817275,-250.5014916756602,false,Foreign,Land
-41.04576585475066,-190.79026981592182,false,Foreign,Land
33.21979733195185,-253.40660381291255,false,Foreign,Land
-56.48927272036995,-298.6217158164064,false,Foreign,Land
-173.3736445731215,-283.4072700535099,false,Foreign,Land
-198.22783686373535,-319.28716506974985,false,Foreign,Land
-59.02330339013512,-211.68940601084444,false,Foreign,Land
5.477336833527735,-250.49166448909546,false,Foreign,Land
67.42732336241131,-276.9560352476826,false,Foreign,Land
-198.0485407128614,-292.65937607417544,false,Foreign,Land
236.29663755656327,-154.7992339876532,true,Foreign,Ocean
-60.846204267485334,-251.89898248850545,false,Foreign,Land
-197.2956421712651,-268.9515301555501,false,Foreign,Land
173.15373460561815,-184.44108173997276,false,Foreign,Land
117.14483863713288,-265.14816040330163,false,Foreign,Land
-122.35830240728997,-276.5091533308823,false,Foreign,Land
150.3647359131246,-71.84098411711089,false,Foreign,Ocean
166.72836925591164,-166.1281062378107,false,Foreign,Land
92.93932365882011,-89.49691822712127,false,Foreign,Ocean
-146.5051466519143,-280.3074801083346,false,Foreign,Land
123.98546881352105,-292.2547290775538,false,Foreign,Land
-21.972491886981665,-235.56456469391054,false,Foreign,Land
217.22510796263393,-185.95902871599012,false,Foreign,Land
-57.092735989551755,-272.98770932225295,false,Foreign,Land
240.174610092641,-187.68366035633096,true,Foreign,Land
165.27573761488011,-211.9678972072167,false,Foreign,Land
188.62561849729613,-218.6181016452907,false,Foreign,Land
-97.7956112500173,-290.69909550791806,false,Foreign,Land
174.94708580107016,-236.61254905965293,false,Foreign,Land
-75.24206537684998,-290.43351609707054,false,Foreign,Land
-35.56762338262522,-283.2684963201199,false,Foreign,Land
231.6998735858808,-116.0663567534454,true,Foreign,Ocean
210.11643509271903,-215.31754074302785,false,Foreign,Land
-152.10968346737243,-302.9583969725687,false,Foreign,Land
-175.8770002037577,-334.47306768161604,true,Foreign,Land
-126.31084371425648,-306.06970891725365,false,Foreign,Land
-51.63906270499458,-317.4270065677529,false,Foreign,Land
-8.701819447388496,-277.6895841654577,false,Foreign,Land
95.73633641361538,-283.3017919684103,false,Foreign,Land
-147.62737497726843,-330.34727444753946,true,Foreign,Land
-82.21213550384559,-322.15050417921236,true,Foreign,Land
174.81537640395223,-260.1228438766346,false,Foreign,Land
96.85069564142084,-310.3880756551866,false,Foreign,Land
1.6989115665027281,-302.54230051369507,false,Foreign,Land
-32.2843758584802,-259.12955046541015,false,Foreign,Land
87.37522687273251,-261.9759320737307,false,Foreign,Land
44.9490177256241,-270.19329430363734,false,Foreign,Land
-201.22769048686473,-340.5379591341782,true,Foreign,Land
-114.85570076691354,-335.9897869015813,true,Foreign,Land
-105.40230832419769,-315.21180200545837,false,Foreign,Land
85.97939449374235,-234.25382181520445,false,Foreign,Land
-174.07032009973614,-309.59443198741144,false,Foreign,Land
204.69043808335553,-241.32678699353298,false,Foreign,Land
70.54353409620629,-316.06594574643367,false,Foreign,Land
-27.941177179349275,-304.20445211719885,false,Foreign,Land
-28.332928554421397,-336.2483641989885,true,Foreign,Land
21.54075049042968,-281.23468534693825,false,Foreign,Land
143.99703906664976,-269.8011784005856,false,Foreign,Land
208.75471778933556,-265.0743426704882,false,Foreign,Land
232.9739237013119,-231.9617796230119,true,Foreign,Land
49.99253494175947,-297.5161108861511,false,Foreign,Land
179.7264730031397,-302.2302322820574,false,Foreign,Land
47.27525521819277,-331.3144568291694,true,Foreign,Land
28.73381161784473,-311.07891708534754,false,Foreign,Land
142.8007557720495,-309.4228787952201,false,Foreign,Land
233.6443758110594,-255.7887136610258,true,Foreign,Land
76.25910143595213,-296.8713369441413,false,Foreign,Land
192.11503102670108,-193.99263529249967,false,Foreign,Land
105.31965930662167,-335.9289209579447,true,Foreign,Land
233.11912441790565,-209.1721666330116,true,Foreign,Land
157.53237476231354,-289.65111395341734,false,Foreign,Land
9.43113546159327,-333.43248647400907,true,Foreign,Land
213.09469240432932,-288.1911858467486,false,Foreign,Land
165.2478192211805,-318.88503104074647,false,Foreign,Land
-60.42842574923372,-337.1244315135443,true,Foreign,Land
193.9450806496259,-329.6124013977761,true,Foreign,Land
187.6687209530189,-282.4809317120478,false,Foreign,Land
78.65645601475738,-335.66603423805,true,Foreign,Land
-11.967403745526738,-320.915578979465,false,Foreign,Land
138.34544511311262,-334.7501325556786,true,Foreign,Land
203.84410757381679,-307.3415998750536,false,Foreign,Land
234.669251680846,-280.9564544898192,true,Foreign,Land
231.95202478985848,-306.6687286593243,true,Foreign,Land
226.5421516577009,-332.71537044395916,true,Foreign,Land
170.0140883372111,-340.7857264451126,true,Foreign,Land
119.15652233182337,-316.56343496077704,false,Foreign,Land
